,College Name,Admissions Rate,Yield,Men Admissions Rate,Women Admissions Rate,Men Applied,Men Admitted,Men Enrolled,Women Admitted,Women Applied,Women Enrolled,Number of ED Applicants,Number of ED Applicants Admitted,EA Deadline,EA Notification,ED I Deadline,ED I Notification,ED II Deadline,ED II Notification,Average GPA,SAT Math 25%,SAT Math 75%,SAT Reading 25%,SAT Reading 75%,GPA >3.75,GPA >3.50,GPA >3.25,GPA >3.00,GPA >2.50,GPA >2.00,GPA >1.00 ,SAT Math (200-299),SAT Math (700-800),SAT Math (600-699),SAT Math (500-599),SAT Math (400-499),SAT Math (300-399),SAT Reading (700-800),SAT Reading (600-699),SAT Reading (500-599),SAT Reading (400-499),SAT Reading (300-399),SAT Reading (200-299),filename
0,Baylor University,,,,,,,1336.0,,,,,,2019-11-01 00:00:00,2020-01-15 00:00:00,,,,,,680.0,637.0,680.0,638.0,,,,,,,,0.0,0.2,0.51,0.28,0.01,0.0,0.18,0.6,0.2,0.02,0.0,0.0,baylor_university.txt
1,University of Pennsylvania,0.09296513498131789,0.6537130689379824,0.08532440021675945,0.1006761459679825,20299.0,1732.0,1157.0,2025.0,20114.0,1299.0,6147.0,1354.0,,,2019-11-01 00:00:00,2019-12-15 00:00:00,,,,720.0,790.0,700.0,770.0,0.85,0.09,0.05,0.01,,,,1.0,0.8440000000000001,0.147,0.009000000000000001,,,0.7979999999999999,0.183,0.019,,,1.0,upenn.txt
2,Whitman College,0.5172751776525362,0.1842728564661298,0.5148514851485149,0.5188640973630831,1616.0,832.0,159.0,1279.0,2465.0,230.0,179.0,127.0,,,2019-11-15 00:00:00,2019-12-20 00:00:00,2020-01-01 00:00:00,2020-02-01 00:00:00,3.75,620.0,730.0,630.0,720.0,0.5,0.29,0.11,0.08,0.02,0.0,0.0,0.0,0.41,0.4,0.17,0.02,0.0,0.43,0.43,0.13,0.01,0.0,0.0,whiteman_college.txt
3,Illinois Institute of Technology,0.5405692438402718,0.1850687622789784,0.5063526495196777,0.6151249155975692,3227.0,1634.0,322.0,911.0,1481.0,149.0,,,,,,,CDS-C Page 11,,,650.0,730.0,580.0,680.0,,,,,,,,0.0,0.4744,0.4744,0.0512,0.0,0.0,0.2051,0.4808,0.26280000000000003,0.0513,0.0,0.0,illinois_institute_of_technology.txt
4,Pomona College,0.07613469985358712,0.5282051282051282,0.09214160180768265,0.06595336953050143,3983.0,367.0,188.0,413.0,6262.0,224.0,1250.0,207.0,,,2019-11-01 00:00:00,2019-12-15 00:00:00,2020-01-01 00:00:00,2020-02-15 00:00:00,,700.0,780.0,695.0,750.0,,,,,,,,0.0,0.7702,0.19760000000000003,0.0323,0.0,0.0,0.75,0.2419,0.008100000000000001,0.0,0.0,0.0,pomona.txt
5,,,,,,,,,,,,,,,,,,,,,,,,,,,,,,,,,,,,,,,,,,,,renseler_polytechnic_institute.txt
6,Dickinson College,0.4871233799023733,0.2093987560469938,0.4841930116472546,0.489115069267741,2404.0,1164.0,260.0,1730.0,3537.0,346.0,376.0,257.0,2019-12-01 00:00:00,2020-02-15 00:00:00,2019-11-15 00:00:00,Mid-December,2020-01-15 00:00:00,Mid-February,,610.0,720.0,620.0,700.0,,,,,,,,0.0,0.3311,0.4915,0.17059999999999997,0.0068000000000000005,0.0,0.2662,0.6143,0.1195,0.0,0.0,0.0,dickinson_college.txt
7,CORNELL UNIVERSITY,0.12674589170688152,0.5617242536061724,0.10994490690473319,0.14558903121053582,24867.0,2734.0,1577.0,3228.0,22172.0,1772.0,5401.0,1393.0,,,2019-11-01 00:00:00,Mid-December,CDS-C Page 11,,,700.0,790.0,690.0,760.0,,,,,,,,0.0,0.759,0.205,0.036000000000000004,0.0,0.0,0.713,0.258,0.028999999999999998,0.0,0.0,0.0,cornell_university.txt
8,University of Southern California,,,,,,,,,,,,,,,,,CDS-C Page 11,,3.76,650.0,770.0,650.0,730.0,0.6372,0.2275,0.0832,0.0346,0.0143,0.0033,0.0,0.0,0.575,0.3043,0.10830000000000001,0.011699999999999999,0.0007000000000000001,0.4623,0.455,0.0732,0.0088,0.0007000000000000001,0.0,usc.txt
9,University of California - Merced,0.7416698582918422,0.13168086754453912,0.7256582343830666,0.7555119164509506,9685.0,7028.0,973.0,8464.0,11203.0,1067.0,,,Early action notification date,,,,Other early decision plan notification date,,,,,420.0,520.0,0.221,0.28600000000000003,0.28,0.21,0.003,0.0,0.0,,0.006,0.053,0.287,0.528,0.121,0.017,0.10400000000000001,0.36700000000000005,0.43,0.079,,uc_merced.txt
10,Knox College,0.7153941651148356,0.15357917570498916,0.6745976207137858,0.7479085331846068,1429.0,964.0,167.0,1341.0,1793.0,187.0,50.0,27.0,2019-12-01 00:00:00,2020-01-15 00:00:00,2019-11-01 00:00:00,2019-11-15 00:00:00,CDS-C Page 11,,3.38,580.0,695.0,560.0,670.0,0.255,0.19260000000000002,0.17559999999999998,0.1813,0.17559999999999998,0.017,0.0028000000000000004,1.0,0.231,0.366,0.354,0.037000000000000005,,0.134,0.512,0.317,0.037000000000000005,,1.0,know_college.txt
11,,,,,,,,,,,,,,,,,,,,,,,,,,,,,,,,,,,,,,,,,,,,university_of_minnesota-twin_cities.txt
12,Scripps College,0.33368532206969376,0.3449367088607595,,0.33368532206969376,,,,948.0,2841.0,327.0,292.0,113.0,,Common Data Set 2017-2018,2019-11-15 00:00:00,Mid-December,,2020-01-01 00:00:00,,,,630.0,730.0,0.795,0.099,0.078,0.022000000000000002,0.003,0.003,0.0,0.0,0.45799999999999996,0.46399999999999997,0.077,0.0,0.0,0.601,0.35700000000000004,0.042,0.0,0.0,0.0,scripps_college.txt
13,"University of California, Riverside",0.5723410100270134,0.18303267869285228,0.5546472272845613,0.5862238019365118,19205.0,10652.0,2000.0,14349.0,24477.0,2576.0,,,,,,,,,,540.0,660.0,550.0,640.0,0.4976,0.2987,0.1457,0.053200000000000004,0.0048,0.0,0.0,0.0003,0.13699999999999998,0.35369999999999996,0.4328,0.07519999999999999,0.0009,0.069,0.4105,0.44439999999999996,0.0746,0.0015,0.0,uc_riverside.txt
14,St. Lawrence University,0.5148845686512759,0.19646017699115045,,0.5148845686512759,,,,1695.0,3292.0,333.0,332.0,253.0,,,2019-11-01 00:00:00,on a continual basis,2020-02-01 00:00:00,on a continual basis,3.55,590.0,680.0,590.0,670.0,0.387,0.245,0.145,0.124,0.09,0.006,0.003,0.0,0.17,0.51,0.29,0.03,0.0,0.16,0.57,0.24,0.03,0.0,0.0,st_lawrence_university.txt
15,,,,,,,,,,,,,,,,,,,,,,,,,,,,,,,,,,,,,,,,,,,,colorado_college.txt
16,North Carolina State University,0.5096987974235824,0.33973703433162894,0.483998825601879,0.5361541367585947,13624.0,6594.0,2422.0,7096.0,13235.0,2229.0,,,2019-10-15 00:00:00,2020-01-30 00:00:00,,,,,3.72,620.0,710.0,610.0,680.0,0.5119,0.32659999999999995,0.1285,0.0281,0.0042,0.0007000000000000001,,1.0,0.3074,0.5395,0.147,0.0060999999999999995,,0.1972,0.6445000000000001,0.1475,0.0108,,1.0,north_carolina_state_university-raleigh.txt
17,Villanova University,0.36003408606731996,0.2252465483234714,0.35320551228280406,0.3661895760194437,10014.0,3537.0,822.0,4068.0,11109.0,891.0,,,2019-11-01 00:00:00,2019-12-20 00:00:00,,,CDS-C Page 11,,3.75,640.0,740.0,630.0,710.0,0.5761,0.2983,0.0989,0.0141,0.011000000000000001,0.0016,0.0,0.0,0.42729999999999996,0.43090000000000006,0.1277,0.014199999999999999,0.0,0.305,0.5674,0.1152,0.0124,0.0,0.0,villanova_university.txt
18,Yale University,0.06942334568876465,0.6910284463894967,0.07336902637319057,0.06606691031768344,15129.0,1110.0,762.0,1175.0,17785.0,817.0,,,2019-11-01 00:00:00,2019-12-15 00:00:00,,,,,,710.0,800.0,710.0,790.0,,,,,,,,1.0,0.8626,0.1281,0.009300000000000001,,,0.8802,0.11359999999999999,0.0062,,,1.0,yale_university.txt
19,Yeshiva University,0.5074716078900179,0.6301531213191991,0.48259860788863107,0.5339087546239211,862.0,416.0,262.0,433.0,811.0,273.0,73.0,67.0,,,2019-11-01 00:00:00,2019-12-15 00:00:00,,,3.52,550.0,680.0,540.0,680.0,0.38,0.21,0.16,0.13,0.09,0.03,,1.0,0.15,0.34,0.36,0.15,,0.22,0.38,0.29,0.11,,1.0,yeshiva_university.txt
20,Wheaton College,0.698421339139902,0.21044427123928294,0.6203703703703703,0.7530064754856615,1512.0,938.0,224.0,1628.0,2162.0,316.0,147.0,108.0,2019-11-01 00:00:00,2020-01-15 00:00:00,2019-11-01 00:00:00,2019-12-01 00:00:00,2020-01-01 00:00:00,2020-02-01 00:00:00,3.42,575.0,670.0,600.0,680.0,0.2802,0.1956,0.18350000000000002,0.1331,0.1754,0.0282,0.004,0.0,0.136,0.498,0.34600000000000003,0.016,0.004,0.152,0.634,0.18899999999999997,0.025,0.0,0.0,wheaton_college.txt
21,Clemson University,,,,,,,,,,,,,,,,,,,,,,,,,,,,,,,,,,,,,,,,,,,clemson_university.txt
22,University of Denver,0.5804863344051447,0.12835381685996192,0.5673946613721598,0.5914375346004798,9066.0,5144.0,690.0,6410.0,10838.0,793.0,363.0,168.0,2019-11-01 00:00:00,2020-01-15 00:00:00,2019-11-01 00:00:00,2019-12-15 00:00:00,2020-01-15 00:00:00,2020-02-20 00:00:00,3.67,670.0,621.0,680.0,629.0,0.527,0.175,0.145,0.102,0.049,0.003,0.0,0.0,0.128,0.513,0.316,0.040999999999999995,0.002,0.149,0.56,0.263,0.028999999999999998,0.0,0.0,university_of_denver.txt
23,The Ohio State University - Columbus Campus,0.990726429675425,0.24570982839313574,0.9951219512195122,0.9867452135493373,615.0,612.0,158.0,670.0,679.0,157.0,,,,,,,,,,498.0,658.0,498.0,608.0,,,,,,,,1.0,,0.4,0.4,0.1,,,0.2,0.6,0.2,,1.0,ohio_state_university-lima.txt
24,Hope Colege,0.756075194864741,0.2346876895087932,0.7136752136752137,0.7815712187958884,1638.0,1169.0,268.0,2129.0,2724.0,506.0,,,2019-11-01 00:00:00,2019-11-24 00:00:00,,,,Admissions CDS-C Page 11,3.79,540.0,660.0,570.0,670.0,0.695,0.157,0.075,0.044000000000000004,0.028999999999999998,0.0,0.0,0.0,0.153,0.35100000000000003,0.424,0.069,0.003,0.136,0.45899999999999996,0.34299999999999997,0.062,0.0,0.0,hope_college.txt
25,The Ohio State University - Columbus Campus,0.9932203389830508,0.24744027303754265,0.9944933920704846,0.9918793503480279,908.0,903.0,235.0,855.0,862.0,200.0,,,,,,,,,,468.0,630.0,500.0,633.0,,,,,,,,0.0,0.03,0.37,0.32,0.18,0.1,0.0,0.37,0.45,0.16,0.02,0.0,ohio_state_university-mansfield.txt
26,,,,,,,,,,,,,,,,,,,,,,,,,,,,,,,,,,,,,,,,,,,,university_of_delaware.txt
27,The Ohio State University - Columbus Campus,0.9873170731707317,0.41304347826086957,0.9886578449905482,0.9858870967741935,529.0,523.0,233.0,489.0,496.0,185.0,,,,,,,,,,515.0,640.0,535.0,625.0,,,,,,,,0.0,0.1,0.38,0.42,0.1,0.0,0.07,0.45,0.41,0.07,0.0,0.0,ohio_state_university-marion.txt
28,New York University,0.27664161732310527,0.33907494211328854,0.2792427059225253,0.2748207171314741,26357.0,7360.0,2589.0,10347.0,37650.0,3415.0,7814.0,2789.0,,,2019-11-01 00:00:00,2019-12-15 00:00:00,2020-01-01 00:00:00,2020-02-15 00:00:00,3.66,640.0,760.0,650.0,730.0,0.41,0.28,0.19,0.09,,0.01,,1.0,0.54,0.35,0.11,,,0.46,0.47,0.07,,,1.0,new_york_university.txt
29,Centre College,,,,,,,,,,,,,2019-12-01 00:00:00,2020-01-15 00:00:00,2019-11-15 00:00:00,2019-12-15 00:00:00,,,,580.0,730.0,590.0,680.0,0.5062,0.212,0.0898,0.0973,0.0823,0.0125,0.0,1.0,0.3625,0.3125,0.325,,,0.2,0.5375,0.25,,,1.0,centre_college.txt
30,Carleton College,0.21203262040313894,0.3788098693759071,0.22294077603812118,0.2030328559393429,2938.0,655.0,249.0,723.0,3561.0,273.0,725.0,215.0,,,2019-11-15 00:00:00,2019-12-15 00:00:00,2020-01-15 00:00:00,2020-02-15 00:00:00,,680.0,770.0,680.0,760.0,,,,,,,,1.0,0.6942,0.24789999999999998,0.0579,,,0.6983,0.2645,0.0331,,,1.0,carleton_college.txt
31,Pepperdine University,0.39849624060150374,0.18460548885077188,0.44252163164400493,0.3752448100274187,4045.0,1790.0,339.0,2874.0,7659.0,522.0,,,,,,7/26/2018 CDS-C 11,,,3.64,600.0,700.0,600.0,690.0,0.37,0.24,0.19,0.12,0.07,0.01,0.0,0.0,0.26,0.5,0.22,0.01,0.0,0.21,0.59,0.19,0.01,0.0,0.0,pepperdine_university.txt
32,,,,,,,,,,,,,,,,,,,,,,,,,,,,,,,,,,,,,,,,,,,,rensselaer_polytechnic_institute.txt
33,Hillsdale College,0.4149038461538462,0.4287369640787949,0.4056603773584906,0.4245098039215686,1060.0,430.0,183.0,433.0,1020.0,187.0,233.0,100.0,,,2019-11-01 00:00:00,2019-12-01 00:00:00,,,3.87,620.0,710.0,660.0,730.0,0.82,0.1,0.04,0.03,0.01,,,1.0,0.32299999999999995,0.509,0.168,,,0.485,0.449,0.066,,,1.0,hillsdale_college.txt
34,,0.5029821073558648,,0.5248618784530387,0.4906832298136646,181.0,95.0,,158.0,322.0,,,,,,,,,CDS-C Page 11,3.11,450.0,540.0,450.0,560.0,0.22,0.09,0.19,0.09,0.17,0.19,0.05,0.0,0.0,0.07,0.43,0.4,0.1,0.0,0.19,0.26,0.47,0.08,0.0,university_of_pittsburg-titusville.txt
35,Stony Brook University,0.4197948609495612,0.10850125944584382,0.4147733569766153,0.424375695076332,18046.0,7485.0,1719.0,8395.0,19782.0,4.0,,,,,,,,,3.85,630.0,740.0,600.0,680.0,0.6435,0.20489999999999997,0.0721,0.061399999999999996,0.0139,0.0033,0.0009,0.0,0.46,0.406,0.131,0.004,0.0,0.198,0.5720000000000001,0.19899999999999998,0.031,0.0,0.0,stony_brooke_university.txt
36,Barnard College,0.15422498703991705,0.5,,0.15422498703991705,,,,1190.0,7716.0,595.0,934.0,289.0,,,2019-11-01 00:00:00,2019-12-15 00:00:00,CDS-C Page 11,,4.0,650.0,740.0,660.0,760.0,0.8,0.16,0.03,0.0,0.01,,,0.0,0.53,0.37,0.09,0.01,0.0,0.64,0.28,0.07,0.01,0.0,0.0,barnard_college.txt
37,University of Notre Dame,0.1857245410727105,1.1325234676974048,,0.1857245410727105,,,1038.0,1811.0,9751.0,1013.0,,,2019-11-01 00:00:00,2019-12-15 00:00:00,,,,,,690.0,770.0,680.0,750.0,,,,,,,,1.0,0.7,0.263,0.034,0.003,,0.654,0.314,0.027999999999999997,0.004,,1.0,notre_dame.txt
38,William Marsh Rice University,0.1645190980211689,0.7328671328671329,,0.1645190980211689,,,539.0,1430.0,8692.0,509.0,1603.0,329.0,Rice University,,2019-11-01 00:00:00,2019-12-15 00:00:00,Rice University,,,,,,,,,,,,,,0.0,0.84,0.12,0.04,0.0,0.0,0.83,0.12,0.04,0.0,0.0,0.0,rice_university.txt
39,The Ohio State University - Columbus Campus,0.988527724665392,0.5531914893617021,0.9875518672199171,0.9893617021276596,241.0,238.0,142.0,279.0,282.0,144.0,,,,,,,,CDS-C Page 10,,505.0,560.0,495.0,625.0,,,,,,,,0.0,0.0,0.11,0.78,0.11,0.0,0.0,0.45,0.33,0.22,0.0,0.0,ohio_state_university-wooster.txt
40,The University of Arizona,0.8357831468697929,0.21018904197372637,0.8197445305068624,0.8482795129698253,14718.0,12065.0,2654.0,16024.0,18890.0,3250.0,,,,,,,,,3.3,560.0,690.0,540.0,650.0,0.2321,0.1646,0.16620000000000001,0.1574,0.22899999999999998,0.050199999999999995,0.0004,0.0,0.11779999999999999,0.3757,0.4045,0.08869999999999999,0.013300000000000001,0.0974,0.4075,0.3644,0.08689999999999999,0.0271,0.0167,university_of_arizona.txt
41,Trinity College,0.29690103298900367,0.6509539842873177,0.29690103298900367,,3001.0,891.0,277.0,,,303.0,552.0,315.0,,,2019-11-15 00:00:00,2019-12-15 00:00:00,2020-01-01 00:00:00,2020-02-15 00:00:00,3.6,640.0,710.0,620.0,710.0,0.423,0.258,0.147,0.102,0.061,0.009000000000000001,0.0,0.0,0.331,0.561,0.10800000000000001,0.0,0.0,0.273,0.617,0.11,0.0,0.0,0.0,trinity_college.txt
42,RUTERS UNIVERSITY - CAMDEN,0.7010352841749419,0.22814948764315854,0.7010352841749419,,4733.0,3318.0,334.0,,,423.0,,,2019-11-01 00:00:00,2020-01-31 00:00:00,,,,,,500.0,590.0,500.0,590.0,,,,,,,,1.0,0.03,0.19,0.55,0.22,0.01,0.03,0.2,0.53,0.23,0.01,1.0,rutgers_university--camden.txt
43,RUTGERS UNIVERSITY - NEWARK,0.6175318315377081,0.3486650806238435,0.6175318315377081,,6126.0,3783.0,602.0,,,717.0,,,2019-11-01 00:00:00,2020-01-31 00:00:00,,,,,,510.0,590.0,500.0,580.0,,,,,,,,1.0,0.03,0.19,0.58,0.2,,0.01,0.18,0.59,0.21,,1.0,rutgers_university--newark.txt
44,,,,,,,,,,,,,,,,,,,,,,,,,,,,,,,,,,,,,,,,,,,,beloit_college.txt
45,Grinnell College,0.20522607163828538,0.592274678111588,0.20522607163828538,,3406.0,699.0,197.0,,,217.0,365.0,173.0,,,2019-11-15 00:00:00,Mid-December,2020-01-01 00:00:00,late January,,680.0,780.0,640.0,750.0,,,,,,,,,,,,,,0.687,0.258,0.055,0.0,0.0,0.0,grinell_college.txt
46,HAVERFORD COLLEGE,,,,,,,,,,,,,,,,2020-01-01 00:00:00,2020-02-15 00:00:00,Common Data Set 2017-2018,,690.0,770.0,700.0,760.0,,,,,,,,0.0,0.698,0.2772,0.0248,0.0,0.0,0.8019,0.1931,0.005,0.0,0.0,0.0,haverford_college.txt
47,RUTGERS UNIVERSITY - NEW BRUNSWICK,0.5798277019467443,0.6045344910757356,0.5798277019467443,,17876.0,10365.0,3126.0,,,3140.0,,,2019-11-01 00:00:00,2020-01-31 00:00:00,,,,,,600.0,720.0,590.0,680.0,,,,,,,,1.0,0.36,0.41,0.21,0.02,,0.21,0.5,0.26,0.03,,1.0,rutgers_university--new_brunswick.txt
48,,0.22079068125661844,0.48361310951239006,,0.22079068125661844,0.0,0.0,0.0,1251.0,5666.0,605.0,714.0,248.0,,,2019-11-01 00:00:00,Mid December,N/A,N/A,,,,,,,,,,,,,1.0,0.6048,0.3629,0.0282,,,0.7137,0.254,0.0323,,,1.0,wellesley_college.txt
49,,,,,,,,,,,,,,,,,,,,,,,,,,,,,,,,,,,,,,,,,,,,bowdoin_college.txt
50,"University of California, Irvine",0.3650090479659702,0.21034671474101022,0.3556396782307673,0.37337871810273865,40153.0,14280.0,3032.0,16783.0,44949.0,3502.0,,,,,,,,,3.97,590.0,730.0,580.0,680.0,0.82,0.12,0.04,0.02,,,,1.0,0.37,0.35,0.25,0.03,,0.2,0.47,0.32,0.01,,1.0,uc_irvine.txt
51,University of Vermont,0.671956709563003,0.17743791026595385,0.6076215797053285,0.716754088244369,9027.0,5485.0,995.0,9292.0,12964.0,1627.0,,,2019-11-01 00:00:00,2019-12-15 00:00:00,,,CDS-C Page 11,,3.66,580.0,670.0,600.0,680.0,0.47609999999999997,0.2446,0.1677,0.078,0.031,0.0015,0.0011,0.0,0.13019999999999998,0.5294,0.3214,0.019,0.0,0.1727,0.5808,0.2305,0.016,0.0,0.0,university_of_vermont.txt
52,University of Pittsburgh - Bradford,0.4913426984645541,,0.5038363171355499,0.4835805084745763,1173.0,591.0,,913.0,1888.0,,,,,,,,,,3.31,490.0,580.0,490.0,580.0,0.21,0.22,0.17,0.14,0.18,0.07,0.01,0.0,0.03,0.16,0.55,0.24,0.02,0.01,0.2,0.52,0.25,0.02,0.0,university_of_pittsburg-bradford.txt
53,Davidson College,0.20236206592631764,0.4520905923344948,0.21442805898764447,0.19279393173198484,2509.0,538.0,268.0,610.0,3164.0,251.0,715.0,319.0,,,2019-11-15 00:00:00,2019-12-15 00:00:00,2020-01-02 00:00:00,2020-02-01 00:00:00,,650.0,730.0,660.0,740.0,0.8220000000000001,0.08810000000000001,0.0725,0.013500000000000002,0.0039000000000000003,,,1.0,0.48729999999999996,0.4582,0.0545,,,0.5236,0.4219,0.0545,,,1.0,davidson_college.txt
54,Emory University,0.22040678822588117,0.2651891478792511,0.233354403708386,0.21178533847772713,9492.0,2215.0,581.0,3019.0,14255.0,807.0,2475.0,678.0,N/A,N/A,2019-11-01 00:00:00,2019-12-15 00:00:00,2020-01-01 00:00:00,2020-02-15 00:00:00,3.76,680.0,780.0,670.0,740.0,0.597,0.29,0.087,0.023,0.004,,,1.0,0.6709999999999999,0.29100000000000004,0.038,,,0.585,0.387,0.026000000000000002,,,1.0,emory_university.txt
55,Furman University,0.6117552978808477,0.22875816993464052,0.5855764347384459,0.6287504121332015,1969.0,1153.0,279.0,1907.0,3033.0,421.0,112.0,104.0,2019-11-01 00:00:00,2019-12-20 00:00:00,2019-11-01 00:00:00,2019-11-15 00:00:00,,,,590.0,690.0,600.0,690.0,,,,,,,,0.0,0.20980000000000001,0.47200000000000003,0.2867,0.027999999999999997,0.0034999999999999996,0.23079999999999998,0.528,0.22030000000000002,0.021,0.0,0.0,furman_university.txt
56,Wake Forest University,0.14872618774386046,0.37808641975308643,,0.26058981233243966,5611.0,,,1944.0,7460.0,735.0,1842.0,815.0,,,2019-11-15 00:00:00,Rolling,,,,630.0,730.0,630.0,710.0,,,,,,,,1.0,0.46380000000000005,0.3699,0.1409,0.0254,,0.3346,0.546,0.10369999999999999,0.015700000000000002,,1.0,wake_forest.txt
57,SARAH LAWRENCE COLLEGE,0.6270491803278688,0.8562091503267973,0.6270491803278688,,732.0,459.0,113.0,,,280.0,216.0,150.0,,,2019-11-01 00:00:00,2019-12-15 00:00:00,2020-01-02 00:00:00,2020-02-15 00:00:00,3.71,590.0,680.0,650.0,730.0,0.47619999999999996,0.2349,0.1492,0.0984,0.041299999999999996,,,0.0,0.20920000000000002,0.4706,0.281,0.0327,0.006500000000000001,0.451,0.4314,0.10460000000000001,0.0131,0.0,0.0,sarah_lawrence_college.txt
58,Lawrence University,,,,,,,,,,186.0,,,11/1/ (Early,12/15 (Early,2019-10-31 00:00:00,2019-12-01 00:00:00,2019-11-01 00:00:00,2019-12-15 00:00:00,3.45,600.0,730.0,620.0,730.0,0.29,0.21,0.19,0.16,0.14,0.01,0.0,0.0,0.374,0.384,0.222,0.02,0.0,0.414,0.445,0.121,0.01,0.01,0.0,lawrence_university.txt
59,,0.5007739938080495,0.4188562596599691,0.5007739938080495,,1292.0,647.0,131.0,,,140.0,60.0,44.0,2019-12-01 00:00:00,2020-01-15 00:00:00,2019-11-01 00:00:00,2019-12-15 00:00:00,,CDS-C FT FY ADMISSIONS Page 9,3.73,590.0,690.0,570.0,690.0,0.5517,0.1379,0.1801,0.0959,0.0268,0.0038,0.0038,0.0,0.2286,0.4514,0.2914,0.0286,0.0,0.21710000000000002,0.4172,0.3486,0.0171,0.0,0.0,earlham_college.txt
60,,,,,,,,,,,,,,,,,,,,,,,,,,,,,,,,,,,,,,,,,,,,swarthmore_college.txt
61,California Institute of Technology,0.048689834603233596,0.8969465648854962,0.048689834603233596,,5381.0,262.0,127.0,,,108.0,,,2019-11-01 00:00:00,2019-12-15 00:00:00,,,CDS-C Page 11,,,780.0,800.0,750.0,790.0,,,,,,,,1.0,1.0,,,,,0.9934000000000001,,,,,1.0,caltech.txt
62,Brigham Young University,0.5240317312179188,0.7943009795191451,0.512660485021398,0.5328275862068965,5608.0,2875.0,2339.0,3863.0,7250.0,3013.0,,,,,,,,,3.84,600.0,700.0,610.0,710.0,0.7778,0.1618,0.042800000000000005,0.0141,0.0031,0.0004,0.0,0.0,0.25420000000000004,0.5234000000000001,0.1996,0.022099999999999998,0.0007000000000000001,0.3069,0.5143,0.15539999999999998,0.022799999999999997,0.0006,0.0,bringham_youn_university.txt
63,,0.09858814281827251,0.536031892057651,0.09959324540860348,0.09762031926888612,16226.0,1616.0,856.0,1645.0,16851.0,892.0,3451.0,852.0,,,2019-11-01 00:00:00,2019-12-15 00:00:00,,,,710.0,800.0,680.0,780.0,,,,,,,,0.0,0.78,0.18,0.04,0.0,0.0,0.72,0.21,0.06,0.01,0.0,0.0,duke_university.txt
64,,0.45802005012531327,0.24623803009575923,0.4584615384615385,0.457646718704828,2925.0,1341.0,349.0,1583.0,3459.0,371.0,415.0,286.0,,,2019-11-15 00:00:00,2019-12-15 00:00:00,2020-01-15 00:00:00,2020-02-15 00:00:00,,630.0,700.0,640.0,710.0,,,,,,,,1.0,0.33,0.63,0.04,,,0.31,0.66,0.03,,,1.0,gettysburg_college.txt
65,Skidmore College,,,,,,,274.0,,,387.0,,,,,November 15 EARLY DECISION,December 15 ED1= 369,January 15 ED1= 247,February 15 ED1= 232,,650.0,650.0,653.0,660.0,,,,,,,,0.0,0.282,0.469,0.23800000000000002,0.011000000000000001,0.0,0.78,1.3,0.66,0.03,0.0,0.0,skidmore_college.txt
66,University of Pittsburgh - Pittsburgh Campus,0.5926918310613927,,0.5868133512947163,0.59745377387087,13362.0,7841.0,,9855.0,16495.0,,,,,,,,,,4.07,640.0,730.0,630.0,700.0,0.79,0.12,0.05,0.03,0.01,0.0,0.0,0.0,0.42,0.48,0.09,0.01,0.0,0.28,0.63,0.08,0.01,0.0,0.0,university_of_pittsburg-pittsburg.txt
67,Bryn Mawr College,0.3801089918256131,0.3172043010752688,,0.3801089918256131,,,,1116.0,2936.0,354.0,276.0,145.0,,,2019-11-15 00:00:00,2019-12-15 00:00:00,2020-01-01 00:00:00,2020-02-01 00:00:00,,660.0,770.0,650.0,730.0,,,,,,,,1.0001,0.5606,0.36869999999999997,0.06570000000000001,,,0.5303,0.3889,0.0808,,,1.0,bryn_mawr_college.txt
68,,,,,,,,,,,,,,,,,,,,,,,,,,,,,,,,,,,,,,,,,,,,case_western_university.txt
69,The College of Wooster,0.5643811219946572,0.17923635216156517,0.5358565737051793,0.58743961352657,2510.0,1345.0,252.0,1824.0,3105.0,316.0,29.0,,Data Set 2017-18,,,,,,,24.0,30.0,570.0,680.0,0.49,0.2,0.14,,0.09,0.07,0.01,0.0,0.25,0.42,0.31,0.02,0.0,0.16,0.49,0.31,0.04,0.0,0.0,college_of_wooster.txt
70,Middlebury College,,,,,3979.0,,292.0,,9227.0,,853.0,399.0,,Common Data Set 2018-2019,2019-11-01 00:00:00,Mid-December,2020-01-01 00:00:00,early February,,,,,,,,,,,,,,,,,,,,,,,,,middlebury_college.txt
71,Brandeis University,0.3422062963910929,0.21391174270755423,0.3117223313686968,0.36176470588235293,4581.0,1428.0,328.0,2583.0,7140.0,530.0,786.0,322.0,,,2019-11-01 00:00:00,2019-12-15 00:00:00,2020-01-01 00:00:00,2020-02-01 00:00:00,3.85,650.0,760.0,630.0,710.0,0.6093,0.2275,0.0913,0.0398,0.0296,0.0026,0.0,0.0,0.49729999999999996,0.3856,0.10640000000000001,0.0106,0.0,0.3617,0.516,0.10369999999999999,0.016,0.0027,0.0,brandeis_university.txt
72,Clark University,0.550652579241765,0.15101580135440182,0.4819383259911894,0.6010775862068966,3405.0,1641.0,243.0,2789.0,4640.0,426.0,48.0,35.0,2019-11-01 00:00:00,2019-12-15 00:00:00,2019-11-01 00:00:00,2019-12-15 00:00:00,F15_CDS-C Page 10,,3.66,560.0,670.0,560.0,670.0,0.48,0.242,0.14300000000000002,0.083,0.05,0.002,0.0,0.0,0.145,0.478,0.29600000000000004,0.079,0.002,0.16899999999999998,0.46399999999999997,0.325,0.04,0.002,0.0,clark_university.txt
73,American University,0.2940264185250548,0.32375409239723535,0.276399307559146,0.3044106399252146,6932.0,1916.0,649.0,3582.0,11767.0,1131.0,898.0,759.0,,,2019-11-15 00:00:00,2019-12-31 00:00:00,2020-01-15 00:00:00,2020-02-15 00:00:00,3.64,570.0,660.0,610.0,690.0,0.3899,0.2511,0.18989999999999999,0.1213,0.0472,0.0006,,0.0,0.1101,0.4926,0.3632,0.0329,0.0011,0.22469999999999998,0.5914,0.1714,0.0125,0.0,0.0,american_university.txt
74,,0.34648308250613724,0.3511182305464851,,,46845.0,,2725.0,16231.0,,2974.0,,,,Common Data Set 2017-2018 UC San Diego,,,,,,590.0,720.0,550.0,660.0,0.94,0.05,0.01,0.0,0.0,0.0,0.0,0.0,0.34,0.41,0.19,0.06,0.0,0.16,0.34,0.43,0.07,0.0,0.0,uc_san_diego.txt
75,Kalamazoo College,0.733838089691322,0.17817460317460318,0.7109067017082786,0.752092050209205,1522.0,1082.0,188.0,1438.0,1912.0,261.0,56.0,42.0,2019-11-01 00:00:00,2019-12-20 00:00:00,2019-11-01 00:00:00,2019-12-01 00:00:00,2020-02-01 00:00:00,2020-02-15 00:00:00,3.84,580.0,690.0,600.0,690.0,0.6259,0.23829999999999998,0.0913,0.026699999999999998,0.0178,0.0,0.0,0.0,0.2169,0.488,0.247,0.0421,0.006,0.2108,0.5422,0.2169,0.0241,0.006,0.0,kalamazoo_college.txt
76,Princeton University,0.06407779495105616,0.6562814070351759,0.06174680084482544,0.06658644203770557,16098.0,994.0,648.0,996.0,14958.0,658.0,,,2019-11-01 00:00:00,Mid-December,,,,,,720.0,790.0,710.0,780.0,0.88,0.0808,0.026099999999999998,0.01,0.0031,0.0,0.0,0.0,0.8419,0.1487,0.009399999999999999,0.0,0.0,0.8090999999999999,0.17800000000000002,0.011699999999999999,0.0012,0.0,0.0,princeton_university.txt
77,Macalester College,,,,,,,,,3542.0,345.0,309.0,161.0,,,2019-11-15 00:00:00,2019-12-15 00:00:00,2020-01-01 00:00:00,2020-02-01 00:00:00,,660.0,770.0,650.0,730.0,,,,,,,,0.0,0.5589999999999999,0.3696,0.07139999999999999,0.0,0.0,0.47659999999999997,0.486,0.0374,0.0,0.0,0.0,macalester_college.txt
78,,0.1542422756253065,0.35771065182829886,0.10042432814710042,0.276,2828.0,284.0,108.0,345.0,1250.0,117.0,504.0,81.0,,,2019-11-15 00:00:00,2019-12-15 00:00:00,2020-01-05 00:00:00,2020-02-15 00:00:00,,750.0,800.0,720.0,770.0,,,,,,,,1.0,0.97,0.03,,,,0.87,0.11,,,,1.0,harvey_mudd_college.txt
79,Brown University,0.08492497631635242,0.5897804965815041,0.09710078232857801,0.07686055372110744,13038.0,1266.0,745.0,1513.0,19685.0,894.0,3183.0,689.0,,,2019-11-01 00:00:00,2019-12-15 00:00:00,,C. Freshman Admission Page 9,,700.0,790.0,705.0,780.0,,,,,,,,0.0,0.78,0.2,0.02,0.0,0.0,0.8,0.18,0.02,0.0,0.0,0.0,brown_university.txt
80,Franklin & Marshall College,0.30288461538461536,0.6825396825396826,0.30288461538461536,,3120.0,945.0,275.0,,,370.0,559.0,346.0,,,2019-11-15 00:00:00,2019-12-15 00:00:00,2020-01-15 00:00:00,2020-02-15 00:00:00,,640.0,720.0,620.0,700.0,,,,,,,,1.0,0.379,0.551,0.07,0.0,,0.252,0.645,0.10300000000000001,0.0,,1.0,franklin_and_marshall_college.txt
81,The University of North Carolina at Chapel Hill,,,,,,,1695.0,,,,,,2019-10-15 00:00:00,2020-01-31 00:00:00,,,,,4.67,620.0,720.0,640.0,720.0,0.9628,0.0192,0.0088,0.0039000000000000003,0.0049,0.0002,0.0002,0.0,0.361,0.49,0.14400000000000002,0.005,0.0,0.389,0.512,0.095,0.004,0.0,0.0,unc.txt
82,Colorado School of mines,0.5571146058950937,0.1918526031102096,0.5322407307898979,0.6154330708661417,7444.0,3962.0,770.0,1954.0,3175.0,365.0,,,,,,,CDS-C Page 11,,3.78,670.0,740.0,640.0,710.0,0.6282,0.2645,0.0891,0.0155,0.0027,,,1.0,0.55,0.41,0.04,,,0.35,0.56,0.09,,,1.0,colorado_school_of_mines.txt
83,State University of New York at Binghamton (Binghamton Un,0.4035915976932501,0.19782335085511216,0.3993532740501213,0.4075117910962844,16081.0,6422.0,1343.0,7085.0,17386.0,1329.0,,,2019-11-01 00:00:00,2020-01-15 00:00:00,,,,,,650.0,720.0,640.0,711.0,0.63,0.19,0.12,0.04,0.02,,,1.0,0.45,0.49,0.06,,,0.39,0.53,0.07,,,1.0,binghamton_university.txt
84,University of Georgia,0.5401200082764328,0.4450658902850138,0.49871332990221307,0.5679584775086505,9715.0,4845.0,2267.0,8207.0,14450.0,3542.0,,,2019-10-15 00:00:00,2019-12-01 00:00:00,,,,,4.0,590.0,680.0,610.0,690.0,0.8867,0.0888,0.0144,0.0038,0.0032,0.0026,0.0005,1.0,0.205,0.5117,0.2646,0.018000000000000002,0.0007000000000000001,0.2314,0.608,0.1523,0.0079,0.0004,1.0,university_of_georgia.txt
85,,,,,,,,,,,,,,,,,,,,,,,,,,,,,,,,,,,,,,,,,,,,cornell_college.txt
86,Colgate University,0.28143291969093887,0.3207154742096506,0.25540372670807454,0.3046269647996458,4025.0,1028.0,335.0,1376.0,4517.0,436.0,851.0,374.0,,,2019-11-15 00:00:00,2019-12-15 00:00:00,2020-01-15 00:00:00,Rolling,3.7,650.0,770.0,660.0,730.0,0.47859999999999997,0.2853,0.16210000000000002,0.0571,0.0169,0.0,0.0,0.0,0.5811999999999999,0.29960000000000003,0.1191,0.0,0.0,0.5523,0.3899,0.057800000000000004,0.0,0.0,0.0,colgate_university.txt
87,Lewis & Clark College,,,,,,,233.0,,,,63.0,52.0,2019-11-01 00:00:00,2019-12-31 00:00:00,2019-11-01 00:00:00,2019-12-15 00:00:00,CDS-C Page 11,,,590.0,680.0,620.0,710.0,0.6113000000000001,0.162,0.1174,0.0729,0.0344,0.0,0.002,1.0,0.2193,0.4781,0.2982,0.0044,,0.33770000000000006,0.5351,0.12279999999999999,0.0044,,1.0,lewis_and_clark_college.txt
88,University of Massachusetts Amherst,0.5986494280496011,0.20043354341455583,0.578870983885497,0.6169209431345354,19982.0,11567.0,2516.0,13344.0,21630.0,2477.0,,,End of December through mid-January,University of Massachusetts Amherst,,,,,,,,,,0.674,0.231,0.045,0.042,0.008,0.001,0.0,,,,,,,,,,,,,umass-amherst.txt
89,,,,,,,,,,,,,,,,,,,,,,,,,,,,,,,,,,,,,,,,,,,,worcester_polytechnic_institute.txt
90,College of the Holy Cross,,,,,,,430.0,,,,471.0,383.0,,,2019-12-15 00:00:00,Rolling,,,,640.0,710.0,640.0,710.0,,,,,,,,1.0,0.36700000000000005,0.541,0.09,0.003,,0.337,0.601,0.062,0.0,,1.0,college_of_the_holy_cross.txt
91,University of California,0.32738206401972136,0.17166761741776004,0.2957780850890751,0.35421270718232045,36879.0,10908.0,1896.0,15387.0,43440.0,2618.0,,,,,CDS-C Page 10,,,,4.08,620.0,760.0,620.0,710.0,0.8923000000000001,0.0791,0.02,0.0060999999999999995,0.0023,0.0002,0.0,0.0,0.46399999999999997,0.34630000000000005,0.1752,0.014499999999999999,0.0,0.3626,0.49200000000000005,0.1378,0.0077,0.0,0.0,uc_santa_barbara.txt
92,Occidental College,0.45810578873459196,0.1709809264305177,0.437874251497006,0.4725715814824726,2672.0,1170.0,219.0,1766.0,3737.0,283.0,211.0,100.0,,,2019-11-15 00:00:00,2019-12-15 00:00:00,2020-01-01 00:00:00,2020-02-01 00:00:00,3.64,600.0,720.0,600.0,700.0,0.45,0.28,0.18,0.06,0.03,0.0,,1.0,0.25,0.53,0.21,0.01,,0.3,0.46,0.23,0.01,,1.0,occidental_college.txt
93,Hamilton College,0.2421627333568158,0.3490909090909091,0.24478764478764478,0.23996113989637305,2590.0,634.0,217.0,741.0,3088.0,263.0,620.0,252.0,,,2019-11-15 00:00:00,2019-12-15 00:00:00,2020-01-01 00:00:00,2020-02-15 00:00:00,,680.0,760.0,680.0,750.0,,,,,,,,1.0,0.6744,0.22039999999999998,0.1052,,,0.6742,0.2791,0.0467,,,1.0,hamilton_college.txt
94,Marquette University,,,,,,,,,,,,,,,,,,,,570.0,660.0,580.0,660.0,,,,,,,,0.0,0.1502,0.4435,0.3763,0.0286,0.0014000000000000002,0.0901,0.5465,0.34619999999999995,0.0172,0.0,0.0,marquette_university.txt
95,Texas A&M University,0.7008147132370735,0.38739257213014117,0.7092694380703346,0.6922284847171039,18739.0,13291.0,5222.0,12773.0,18452.0,4875.0,,,,,,,CDS-C Page 11,,,570.0,690.0,570.0,670.0,,,,,,,,0.0,0.2122,0.44659999999999994,0.3064,0.0338,0.0011,0.1387,0.496,0.3159,0.0482,0.0011,0.0,texas_a&m_university.txt
96,,0.047307875570076915,0.8167865707434053,0.04382041799260342,0.05120322782074067,23254.0,1019.0,827.0,1066.0,20819.0,876.0,,,2019-11-01 00:00:00,2019-12-15 00:00:00,,,,,,700.0,780.0,690.0,760.0,0.9483,0.0398,0.0091,0.0028000000000000004,,,,1.0,0.755,0.222,0.023,,,0.7290000000000001,0.244,0.027000000000000003,,,1.0,stanford_university.txt
97,Bucknell University,0.3108358529210963,0.3053027925949168,0.28645640074211504,0.3378572897388443,5390.0,1544.0,474.0,1643.0,4863.0,499.0,762.0,420.0,,,2019-11-15 00:00:00,2019-12-15 00:00:00,2020-01-15 00:00:00,2020-02-15 00:00:00,3.55,630.0,720.0,620.0,700.0,0.30519999999999997,0.2857,0.2425,0.12539999999999998,0.041100000000000005,,,0.0,0.3968,0.4575,0.1437,0.002,0.0,0.2713,0.5729,0.14980000000000002,0.0060999999999999995,0.0,0.0,bucknell_university.txt
98,,,,,,,,,,,,,,,,,,,,,,,,,,,,,,,,,,,,,,,,,,,,boston_university.txt
99,,,,,,,,,,,,,,,,,,,,,,,,,,,,,,,,,,,,,,,,,,,,berea_college.txt
100,,,,,,,,,,,,,,,,,,,,,,,,,,,,,,,,,,,,,,,,,,,,university_of_miami.txt
101,The University of Texas at Austin,0.3648619520702291,0.44242749731471537,0.32060309503918527,0.40782360210071056,25137.0,8059.0,3591.0,10561.0,25896.0,4647.0,,,,,,,,,,610.0,740.0,620.0,720.0,,,,,,,,0.0,0.418,0.37,0.192,0.018000000000000002,0.001,0.377,0.449,0.154,0.019,0.001,0.0,ut_austin.txt
102,Tufts University,0.14819202881380028,0.4509114166933163,0.16730595667870035,0.13434665359156656,8864.0,1483.0,672.0,1644.0,12237.0,738.0,,,,,2019-11-01 00:00:00,2019-12-15 00:00:00,2020-01-01 00:00:00,2020-02-15 00:00:00,,710.0,780.0,700.0,760.0,,,,,,,,1.0,0.7865000000000001,0.1797,0.0338,,,0.7737999999999999,0.2051,0.021099999999999997,,,1.0,tufts.txt
103,Bates College,0.21933784800601958,0.4236706689536878,0.2504340277777778,0.19555112881806108,2304.0,577.0,253.0,589.0,3012.0,241.0,721.0,349.0,,,2019-11-15 00:00:00,2019-12-20 00:00:00,2020-01-01 00:00:00,2020-02-15 00:00:00,,630.0,720.0,640.0,730.0,,,,,,,,0.0048,0.38280000000000003,0.47369999999999995,0.134,0.0048,0.0,0.47850000000000004,0.42579999999999996,0.0718,0.0096,0.0144,0.0,bates_college.txt
104,Hendrix College,0.7979522184300342,0.2891360136869119,0.7987804878048781,0.7972805933250927,656.0,524.0,168.0,645.0,809.0,170.0,,,Nov 15 & Feb 1st,Dec 15 & Mar 1st,,,,,3.93,540.0,700.0,560.0,710.0,0.6677,0.1522,0.1025,0.0466,0.031,0.0,0.0,0.0,0.2632,0.31579999999999997,0.3289,0.09210000000000002,0.0,0.30260000000000004,0.3553,0.2895,0.0526,0.0,0.0,hendrix_college.txt
105,,,,,,,,,,,,,,,,,,,,,,,,,,,,,,,,,,,,,,,,,,,,university_of_florida.txt
106,,,,,,,,,,,,,,,,,,,,,,,,,,,,,,,,,,,,,,,,,,,,uc_santa_cruz.txt
107,Illinois Wesleyan University,0.5854689564068692,0.22292418772563177,0.5976070528967254,0.5766954938552572,1588.0,949.0,241.0,1267.0,2197.0,253.0,,,2019-11-15 00:00:00,2019-12-15 00:00:00,,,,,3.79,550.0,665.0,570.0,660.0,,,,,,,,0.0,0.14,0.4,0.42,0.04,0.0,0.13,0.46,0.37,0.04,0.0,0.0,illinois_wesleyan_university.txt
108,Sewanee: The University of the South,0.4672830725462304,0.22729578893962454,0.4222328244274809,0.5117813383600377,2096.0,885.0,212.0,1086.0,2122.0,236.0,180.0,116.0,2019-12-01 00:00:00,Mid-February,2019-11-15 00:00:00,2019-12-15 00:00:00,2020-01-15 00:00:00,2020-02-15 00:00:00,3.73,590.0,680.0,620.0,700.0,0.46,0.22,0.18,0.09,0.04,0.01,,1.0,0.2,0.48,0.32,,,0.25,0.61,0.14,,,1.0,sewanee_college.txt
109,The Ohio State University - Columbus Campus,0.9909959072305593,0.36784140969163,0.9911357340720222,0.9908602150537634,1805.0,1789.0,721.0,1843.0,1860.0,615.0,,,,,,,,,,520.0,600.0,510.0,610.0,,,,,,,,0.0,0.02,0.25,0.54,0.14,0.05,0.02,0.3,0.47,0.19,0.02,0.0,ohio_state_university-newark.txt
110,Loyola University Chicago,0.7256956674885523,0.1590219633539619,0.6883080382237212,0.742754552449346,7116.0,4898.0,818.0,11584.0,15596.0,1803.0,,,,,,,,,,510.0,630.0,520.0,630.0,0.517,0.188,0.125,0.094,0.07400000000000001,0.002,0.0,0.0,0.07200000000000001,0.316,0.414,0.19,0.008,0.061,0.322,0.436,0.166,0.015,0.0,loyola_university.txt
111,University of Pittsburgh at Johnstown,0.6511406844106464,0.17907542579075425,0.6784400294334069,0.6304952698942682,1359.0,922.0,368.0,1133.0,1797.0,,,,,,,,,,3.57,510.0,600.0,510.0,600.0,0.42,0.2,0.14,0.11,0.09,0.04,0.0,0.0,0.04,0.23,0.57,0.15,0.01,0.01,0.27,0.54,0.17,0.01,0.0,university_of_pittsburg-johnstown.txt
112,The Ohio State University - Columbus Campus,0.4805993888912143,0.3136213203274691,0.4507865908903715,0.5114042553191489,24282.0,10946.0,3501.0,12018.0,23500.0,3701.0,,,2019-11-01 00:00:00,2020-01-15 00:00:00,,,,,,650.0,750.0,610.0,700.0,,,,,,,,1.0,0.52,0.35,0.11,0.02,,0.27,0.55,0.17,0.01,,1.0,ohio_state_university-columbus.txt
113,Colby College,0.225207427894113,0.2970760233918129,0.22041503084688727,0.22945120437049912,3566.0,786.0,249.0,924.0,4027.0,259.0,576.0,249.0,,,2019-11-15 00:00:00,2019-12-15 00:00:00,2020-01-01 00:00:00,2020-02-15 00:00:00,,640.0,740.0,630.0,720.0,,,,,,,,1.0,0.4487,0.4311,0.1144,0.0058,,0.44299999999999995,0.475,0.07,0.012,,1.0,colby_college.txt
114,,,,,,,,,,,,,,,,,,,,,,,,,,,,,,,,,,,,,,,,,,,,cmu.txt
115,University of Michigan,,,,,,,,,,,,,2019-11-01 00:00:00,2019-12-24 00:00:00,,,,,,670.0,780.0,660.0,730.0,0.843,0.128,0.017,0.008,0.0,0.0,0.0,0.0,0.664,0.247,0.086,0.004,0.0,0.545,0.397,0.055,0.002,0.0,0.0,university_of_michigan.txt
116,MICHIGAN STATE UNIVERSITY,0.7154912431176161,0.3147718484145398,0.6972693561074278,0.7331698010357045,17798.0,12410.0,3957.0,13450.0,18345.0,4183.0,,,,,,CDS-C Page 11,,,,550.0,670.0,550.0,650.0,0.498,0.27699999999999997,0.128,0.061,0.033,0.002,0.0,0.0,0.129,0.40299999999999997,0.40399999999999997,0.06,0.004,0.08800000000000001,0.434,0.408,0.068,0.003,0.0,michigan_state_university.txt
117,University of California - Davis,0.42413149158169317,0.20127896005870635,0.36484207795576884,0.474040508816946,30838.0,11251.0,2090.0,17366.0,36634.0,3670.0,,,,,,,,CDS-C Page 10,3.99,540.0,700.0,510.0,630.0,0.8541,0.1072,0.0276,0.0095,0.0014000000000000002,0.0002,,0.0003,0.1125,0.3711,0.3346,0.1536,0.0279,0.25420000000000004,0.3385,0.2607,0.1245,0.0216,0.0005,uc_davis.txt
118,Wesleyan University,0.1628640776699029,0.3780427223050174,0.19294871794871796,0.14453125,4680.0,903.0,351.0,1110.0,7680.0,410.0,1153.0,439.0,,,2019-11-15 00:00:00,2019-12-15 00:00:00,2020-01-01 00:00:00,2020-02-15 00:00:00,,640.0,760.0,660.0,740.0,,,,,,,,1.0,0.526,0.365,0.10400000000000001,,,0.5710000000000001,0.349,0.08,,,1.0,wesleyan_university.txt
119,University of San Francisco,0.6571481550157612,0.21599887133182843,,0.6571481550157612,,,546.0,7088.0,10786.0,985.0,,53.0,2019-11-01 00:00:00,2019-12-14 00:00:00,2019-11-01 00:00:00,2019-12-01 00:00:00,"* 61 admitted, 8 of which defered to regul",,,650.0,,640.0,,0.2116,0.2273,0.226,0.2051,0.12869999999999998,1.3e-05,,1.0,0.10310000000000001,0.3619,0.47609999999999997,0.0571,0.0018,0.08470000000000001,0.45299999999999996,0.4033,0.0552,0.0038,1.1386,university_of_san_franscisco.txt
120,University of Puget Sound,0.8830715532286213,0.1290513833992095,0.8462161068393363,0.9110156489720773,2471.0,2091.0,267.0,2969.0,3259.0,386.0,110.0,98.0,2019-11-15 00:00:00,2020-01-15 00:00:00,2019-11-15 00:00:00,2019-12-15 00:00:00,,,,550.0,670.0,580.0,680.0,0.30469999999999997,0.2527,0.16690000000000002,0.17149999999999999,0.09949999999999999,0.0046,0.0,0.0,0.1413,0.4133,0.35729999999999995,0.0827,0.0053,0.19469999999999998,0.4827,0.2613,0.0587,0.0027,0.0,university_of_puget_sound.txt
121,University of Iowa,0.8603879714429942,0.19734305590478585,0.8393455098934551,0.8793339728655611,13140.0,11029.0,2043.0,12833.0,14594.0,2666.0,,,,,,,CDS-C Page 10,,3.69,570.0,690.0,570.0,680.0,0.49369999999999997,0.1905,0.1531,0.1013,0.057,0.0043,0.0,0.0,0.2443,0.37670000000000003,0.32420000000000004,0.0525,0.0023,0.2009,0.4543,0.2808,0.0594,0.0023,0.0023,university_of_iowa.txt
122,Dartmouth College,0.08736894658012981,0.6072727272727273,0.09184060721062619,0.08326807622030802,10540.0,968.0,590.0,957.0,11493.0,579.0,2269.0,574.0,,,2019-11-01 00:00:00,2019-12-15 00:00:00,,CDS-C Page 11,,720.0,790.0,700.0,770.0,,,,,,,,1.0,0.83,0.15,0.02,,,0.77,0.21,0.02,,,1.0,dartmouth_university.txt
123,Tulane University,0.2149514345067655,0.24879195507378868,0.2069925080271138,0.22011385199240988,14015.0,2901.0,713.0,4756.0,21607.0,1192.0,1394.0,501.0,2019-11-15 00:00:00,2020-01-15 00:00:00,2019-11-01 00:00:00,2019-12-15 00:00:00,2020-01-05 00:00:00,2020-01-19 00:00:00,3.56,660.0,750.0,670.0,740.0,0.3803,0.2379,0.1796,0.124,0.0704,0.0073,0.0005,0.0,0.5928,0.34630000000000005,0.0332,0.024900000000000002,0.0028000000000000004,0.6093999999999999,0.32409999999999994,0.0499,0.0166,0.0,0.0,tulane_university.txt
124,University of Connecticut,0.4589909282962595,0.4974956003790443,0.4589909282962595,,16094.0,7387.0,1778.0,,,1897.0,,,,,,,CDS-C Page 10,,,610.0,710.0,600.0,680.0,,,,,,,,0.0,0.29,,0.2,0.02,0.0,0.18,,0.22,0.02,0.0,0.0,university_of_connecticut.txt
125,Fordham University,,0.17766815441234046,,,,,954.0,12771.0,,1315.0,,,2019-12-20 00:00:00,Common Data Set 2017-2018,2019-11-01 00:00:00,2019-12-20 00:00:00,,319,,610.0,710.0,620.0,700.0,,,,,,,,,0.331,0.488,0.17300000000000001,0.008,0.9881,0.3,0.547,0.147,0.006,,,fordham_university.txt
126,Lafayette College,0.2939265995453069,0.2699815837937385,0.26320064987814784,0.3290053327150475,4924.0,1296.0,365.0,1419.0,4313.0,368.0,772.0,398.0,,,2019-11-15 00:00:00,2019-12-15 00:00:00,2020-02-01 00:00:00,2020-02-15 00:00:00,3.51,630.0,735.0,620.0,700.0,0.2814,0.2623,0.2336,0.1516,0.06559999999999999,0.0040999999999999995,0.0014000000000000002,0.0,0.41409999999999997,0.44530000000000003,0.1387,0.002,0.0,0.29100000000000004,0.584,0.125,0.0,0.0,0.0,lafayette_college.txt
127,Northwestern University,0.09238036447569714,0.55287623474724,0.09335487105219184,0.09147415311302186,17953.0,1676.0,922.0,1766.0,19306.0,981.0,3830.0,1030.0,,,2019-11-01 00:00:00,2019-12-15 00:00:00,,,,720.0,790.0,700.0,770.0,,,,,,,,1.0,0.79,0.19,0.01,0.01,,0.72,0.24,0.03,0.01,,1.0,northwestern_university.txt
128,,,,,,,,,,,,,,,,,,,,,,,,,,,,,,,,,,,,,,,,,,,,college_of_william_and_mary.txt
129,The George Washington University,0.4097898988401823,0.23573559996383037,0.3851837635543614,0.42526862247977787,10421.0,4014.0,938.0,7045.0,16566.0,1669.0,1471.0,802.0,,,2019-11-01 00:00:00,2019-12-15 00:00:00,2020-01-01 00:00:00,2020-02-01 00:00:00,,640.0,720.0,640.0,720.0,,,,,,,,0.0,0.4052,0.48710000000000003,0.10279999999999999,0.005,0.0,0.4094,0.4971,0.0902,0.0033,0.0,0.0,george_washington_university.txt
130,Smith College,0.3095155709342561,,,0.3095155709342561,,,,1789.0,5780.0,,578.0,286.0,,,2019-11-15 00:00:00,2019-12-15 00:00:00,2020-01-01 00:00:00,late January,3.98,770.0,670.0,750.0,670.0,0.8395,0.1376,0.0183,0.0046,0.0,0.0,0.0,0.0,0.575,0.371,0.054000000000000006,0.0,0.0,0.5529999999999999,0.41700000000000004,0.03,0.0,0.0,0.0,smith_college.txt
131,Georgia Institute of Technology,0.3218737017033652,,,0.3218737017033652,,,,3099.0,9628.0,,,,2019-10-15 00:00:00,2020-01-13 00:00:00,,,,,4.02,680.0,770.0,670.0,730.0,0.9384,0.037000000000000005,0.0077,0.0049,0.006999999999999999,0.0039000000000000003,0.0011,0.0,0.6990999999999999,0.2647,0.0313,0.0042,0.0007000000000000001,0.5653,0.3997,0.030299999999999997,0.004,0.0007000000000000001,0.0,georgia_tech.txt
132,University of San Diego,0.5291638443591481,0.18603328118333096,0.5188323917137476,0.5360411182148678,5310.0,2755.0,516.0,4276.0,7977.0,792.0,,,,Common Data Set 2018-2019,Common Data Set 2018-2019,,,,,,,600.0,670.0,0.7,0.19,0.07,0.03,0.01,,,,0.22,0.52,0.24,,0.02,0.15,0.61,0.23,,0.01,,university_of_san_diego.txt
133,Washington and Lee University,0.21998166819431714,0.3925,0.21852820321255137,0.22138228941684665,2677.0,585.0,247.0,615.0,2778.0,224.0,579.0,268.0,,Common Data Set 2017-2018,2019-11-01 00:00:00,2019-12-15 00:00:00,2020-01-01 00:00:00,2020-02-01 00:00:00,,,,680.0,750.0,,,,,,,,,0.53,0.47,,,,0.55,0.44,,,,,washington_and_lee_university.txt
134,Williams College,0.1297071129707113,0.42983870967741933,0.1285650623885918,0.13071766561514195,4488.0,577.0,257.0,663.0,5072.0,276.0,748.0,258.0,,,2019-11-15 00:00:00,2019-12-15 00:00:00,,,,770.0,739.0,740.0,729.0,,,,,,,,0.0,0.7639,0.20329999999999998,0.032799999999999996,0.0,0.0,0.8033,0.1869,0.0098,0.0,0.0,0.0,williams_college.txt
135,Pitzer College,0.1620037303490541,0.4309210526315789,0.20952380952380953,0.1379863618130766,1260.0,264.0,116.0,344.0,2493.0,146.0,381.0,123.0,,,2019-11-15 00:00:00,2019-12-18 00:00:00,2020-01-01 00:00:00,2020-02-12 00:00:00,3.89,670.0,750.0,640.0,740.0,0.6899,0.18989999999999999,0.0698,0.0426,0.0078000000000000005,0.0,0.0,0.0,0.5769,0.3718,0.0513,0.0,0.0,0.4744,0.42310000000000003,0.1026,0.0,0.0,0.0,pitzer_college.txt
136,University of Pittsburgh at Greensburg,0.6402753872633391,,0.6074429771908764,0.6586183769282361,833.0,506.0,,982.0,1491.0,,,,,,,,,,3.47,500.0,590.0,510.0,600.0,0.3,0.22,0.17,0.16,0.13,0.01,0.01,0.0,0.01,0.2,0.55,0.23,0.01,0.0,0.28,0.53,0.19,0.0,0.0,university_of_pittsburg-greensburg.txt
137,,,,,,,,,,,,,,,,,,,,,,,,,,,,,,,,,,,,,,,,,,,,university_of_buffalo.txt
138,,,,,,,,,,,,,,,,,,,,,,,,,,,,,,,,,,,,,,,,,,,,washington_university.txt
139,Vassar College,0.2378001549186677,0.33930510314875134,0.3518018018018018,0.19200144770177344,2220.0,781.0,245.0,1061.0,5526.0,380.0,657.0,274.0,,,2019-11-15 00:00:00,2019-12-15 00:00:00,2020-01-01 00:00:00,2020-01-01 00:00:00,,680.0,760.0,690.0,750.0,,,,,,,,1.0,0.6349,0.33509999999999995,0.0218,0.008199999999999999,,0.7221,0.2616,0.0163,0.0,,1.0,vassar_college.txt
140,,,,,,,,,,,,,,,,,,,,,,,,,,,,,,,,,,,,,,,,,,,,university_of_colorado-boulder.txt
141,University of Richmond,0.32967142714471187,0.24204786428355043,0.3466542750929368,0.31686810299527063,4304.0,1492.0,372.0,1809.0,5709.0,427.0,674.0,333.0,2019-11-01 00:00:00,2020-01-20 00:00:00,2019-11-01 00:00:00,2019-12-15 00:00:00,2020-01-15 00:00:00,2020-02-15 00:00:00,,640.0,750.0,630.0,710.0,,,,,,,,0.0,0.4578,0.4006,0.1386,0.003,0.0,0.3825,0.5151,0.1024,0.0,0.0,0.0,university_of_richmond.txt
142,Texas Christian University,0.42159890204151657,0.3965412004069176,,0.42159890204151657,,,822.0,4915.0,11658.0,1127.0,1055.0,362.0,,2019-12-15 00:00:00,2019-11-01 00:00:00,2019-12-05 00:00:00,,,,560.0,670.0,570.0,660.0,,,,,,,,0.0,,,,,,,,,,,0.0,texas_christian_university.txt
143,Connecticut College,0.41152132399745384,0.3433874709976798,,0.41152132399745384,,,166.0,1293.0,3142.0,278.0,325.0,217.0,,,2019-11-15 00:00:00,2019-12-15 00:00:00,,,,630.0,690.0,640.0,710.0,,,,,,,,1.0,0.2391,0.5978,0.1413,,,0.337,0.5760000000000001,0.087,,,1.0,connecticut_college.txt
144,Harvard University,0.051561788082822864,0.8281786941580757,0.05221918916186432,0.050902453863313726,19782.0,1033.0,850.0,1004.0,19724.0,837.0,,,2019-11-01 00:00:00,2019-12-15 00:00:00,,,,,4.18,730.0,800.0,730.0,790.0,0.9269,0.0552,0.0138,0.0040999999999999995,,,,1.0,0.8765999999999999,0.11539999999999999,0.008,,,0.8721,0.1137,0.014199999999999999,,,1.0,harvard_university.txt
